5,-2.744
6,-2.533
7,-1.944
8,-1.6
9,-0.967
10,-0.967
11,-0.667
12,-0.367
13,0.522
14,0.567
15,0.567
16,0.867
17,0.578
18,0.3
19,0.6
20,1.111
21,1.056
22,0.122
23,0.078
24,-0.144
25,-0.689
26,-0.289
27,-0.644
28,-0.6
29,-1.1
30,-1.344
31,-1
32,-0.1
33,-0.689
34,-0.433
35,-1.178
36,-0.278
37,-0.622
38,-1.044
39,-0.733
40,-1.078
41,-1.122
42,-1.167
43,-1.811
44,-1.456
45,-2.1
46,-1.789
47,-1.678
48,-1.4
49,-1.144
50,-1.367
51,-1.322
52,-0.611
53,-1.033
54,-0.656
55,-0.156
56,0.733
57,0.144
58,-0.111
59,0.111
60,0.067
61,0.256
62,1.033
63,0.444
64,-0.367
65,-1.256
66,-1.256
67,-0.4
68,-0.4
69,0.456
70,-0.4
71,-0.256
72,-0.256
73,-0.256
74,0.633
75,0.589
76,0.089
77,-0.433
78,-1.244
79,-0.356
80,-0.822
81,-0.867
82,-0.2
83,-1.089
84,-0.233
85,-0.3
86,-0.556
87,-0.267
88,-0.3
89,-0.644
90,0.211
91,0.356
92,0.356
93,-0.567
94,-0.111
95,-0.144
96,-0.089
97,-0.056
98,0.756
99,0.533
100,-0.278
101,0.311
102,0.767
103,0.067
104,0.378
105,0.889
106,0
107,-0.811
108,-0.8
109,-0.5
110,-0.8
111,-0.544
112,0.267
113,0.811
114,0.622
115,0.622
116,0.511
117,0.122
118,-0.178
119,-0.578
120,-1.178
121,-1.989
122,-2.033
123,-2.744
124,-2.144
125,-1.222
126,-0.622
127,0.189
128,0.889
129,1.744
130,2.556
131,1.744
132,2.489
133,2.2
134,1.978
135,1.978
136,1.978
137,2.278
138,1.422
139,0.856
140,1.156
141,1.156
142,1.144
143,0.444
144,-0.333
145,-0.333
146,-0.978
147,-0.678
148,-0.622
149,-0.033
150,-0.733
151,-1
152,-0.078
153,0.2
154,-0.3
155,0.267
156,0.778
157,1.067
158,0.478
159,0.778
160,0.744
161,0.533
162,0.222
163,0.767
164,0.811
165,0.811
166,0.811
167,1.367
168,1.878
169,1.878
170,2.089
171,2.9
172,2.289
173,2.289
174,2.178
175,1.889
176,0.989
177,0.067
178,0.367
179,-0.444
180,-1.011
181,-0.367
182,-0.911
183,-1.722
184,-1.211
185,-0.822
186,-0.411
187,-0.711
188,-0.756
189,-1.111
190,-1.689
191,-1.789
192,-0.867
193,-0.867
194,-0.9
195,-1.311
196,-0.5
197,-0.456
198,-0.311
199,0.189
200,0.567
201,-0.244
202,-0.756
203,-0.778
204,-0.322
205,-0.789
206,-0.833
207,-0.867
208,-1.678
209,-1.922
210,-1.222
211,-1.178
212,-0.656
213,-0.411
214,-0.756
215,-0.044
216,0.622
217,0.511
218,0.167
219,0.278
220,-0.033
221,-0.244
222,-0.233
223,-0.278
224,-0.7
225,-1.156
226,-0.833
227,-0.533
228,-0.756
229,-0.478
230,-0.767
231,-0.556
232,-0.478
233,-0.022
234,-0.233
235,0.256
236,0.2
237,0.2
238,-0.111
239,-0.211
240,-0.678
241,-0.122
242,-0.822
243,0.033
244,-0.711
245,-0.067
246,-0.656
247,-0.7
248,-1.022
249,-1.056
250,-1.333
251,-1.033
252,-1.889
253,-1.533
254,-1.611
255,-1.578
256,-1.289
257,-0.289
258,-0.567
259,0.011
260,-0.289
261,-0.289
262,0.211
263,-0.6
264,-0.678
265,-0.033
266,-0.622
267,-0.656
268,-1.244
269,-1.033
270,-0.733
271,-1.544
272,-0.656
273,-0.011
274,-0.9
275,-0.9
276,-0.089
277,-0.078
278,-0.333
279,-0.033
280,0.211
281,-0.378
282,-0.089
283,0.122
284,-0.222
285,-1.033
286,-1.389
287,-1.344
288,-1.344
289,-0.778
290,-0.267
291,-0.456
292,-0.356
293,-0.278
294,0.611
295,0.544
296,1.356
297,1.344
298,0.567
299,0.1
300,0.1
301,0.089
302,0.056
303,-0.8
304,-0.8
305,-1.656
306,-2.356
307,-1.578
308,-1.922
309,-2.033
310,-1.478
311,-1.478
312,-0.922
313,-0.922
314,-0.067
315,0.078
316,-0.144
317,0.744
318,0.456
319,0.489
320,1.3
321,1.567
322,1.922
323,1.411
324,1.378
325,1.378
326,1.3
327,1
328,0.111
329,-0.4
330,-0.667
331,-0.911
332,-0.911
333,-0.022
334,0.2
335,-0.367
336,-0.367
337,-0.022
338,0.489
339,0.789
340,0.789
341,0.489
342,0.411
343,0.456
344,0.211
345,1.067
346,1.533
347,0.722
348,0.722
349,1.033
350,1.033
351,0.178
352,-0.678
353,0.133
354,-0.122
355,-0.933
356,-0.044
357,-0.978
358,-0.7
359,-0.111
360,0.233
361,1.044
362,0.122
363,-0.167
364,0.644
365,0.067
366,0.411
367,0.711
368,0.978
369,0.711
370,0.711
371,0.822
372,0.4
373,-0.1
374,-0.2
375,-0.544
376,-0.622
377,-1.178
378,-0.911
379,-0.833
380,0.056
381,0.167
382,0.522
383,0.622
384,1.011
385,0.511
386,0.8
387,0.8
388,0.156
389,-0.7
390,-0.356
391,-0.322
392,0.178
393,0.044
394,0.589
395,0.811
396,1.367
397,1.011
398,0.978
399,1.3
400,1.489
401,0.678
402,1.056
403,0.8
404,0.878
405,0.022
406,0.344
407,0.644
408,0.578
409,-0.311
410,-0.1
411,-0.444
412,-0.833
413,-1.689
414,-1.689
415,-1.2
416,-0.911
417,-1.2
418,-0.611
419,-0.011
420,0.444
421,0.533
422,1.2
423,2.011
424,1.556
425,1
426,1.5
427,1.5
428,0.989
429,0.533
430,0.233
431,0.122
432,-0.344
433,-0.244
434,-0.278
435,-0.5
436,-0.278
437,0.278
438,0.333
439,1
440,0.756
441,1.011
442,1.267
443,1.267
444,1.267
445,1.267
446,1.222
447,0.878
448,1.067
449,1.611
450,0.967
451,1.067
452,1.878
453,1.633
454,0.822
455,0.011
456,0.056
457,-0.8
458,-1.689
459,-0.756
460,-1.144
461,-1.256
462,-0.744
463,-0.433
464,-0.544
465,0.044
466,0.9
467,0.789
468,0.756
469,1.3
470,0.6
471,0.556
472,1.133
473,1.556
474,0.967
475,0.922
476,1.033
477,0.778
478,0.511
479,1.1
480,0.989
481,0.1
482,0.089
483,0.122
484,-0.389
485,-0.044
486,0.167
487,-0.122
488,0.178
489,0.178
490,1.067
491,1.011
492,0.867
493,1.378
494,1.033
495,0.256
496,-0.044
497,-0.078
498,-0.778
499,-0.856
500,-0.433
501,-0.433
502,-1.289
503,-1.289
504,-0.656
505,-0.444
506,-0.6
507,0.256
508,0.333
509,-0.378
510,-0.056
511,-0.056
512,0.833
513,0.167
514,-0.156
515,-0.644
516,-1.5
517,-2.078
518,-1.722
519,-1.933
520,-1.889
521,-2.433
522,-2.433
523,-2.322
524,-1.933
525,-1.933
526,-1.933
527,-2.244
528,-1.644
529,-1.644
530,-1.644
531,-0.789
532,-0.789
533,-0.722
534,0.167
535,0.067
536,0.067
537,-0.644
538,-0.056
539,0.189
540,0.144
541,0.956
542,0.244
543,-0.344
544,0.044
545,0.856
546,0.967
547,1.078
548,1.3
549,0.444
550,-0.411
551,0.222
552,0.811
553,0.211
554,-0.6
555,-0.389
556,-0.5
557,-0.611
558,-0.267
559,-0.222
560,-0.467
561,-0.467
562,-0.578
563,-0.544
564,0.1
565,0.111
566,-0.589
567,-0.544
568,-0.244
569,0.222
570,-0.456
571,-0.033
572,0.233
573,0.189
574,-0.456
575,-0.422
576,0.122
577,0.711
578,0.2
579,-0.011
580,0.267
581,-0.033
582,-0.6
583,-0.311
584,0
585,-0.678
586,-1.267
587,-0.756
588,-0.056
589,0.167
590,0.978
591,1.322
592,1.389
593,1.044
594,1.689
595,2.244
596,1.744
597,1.9
598,1.789
599,1.833
600,1.944
601,1.633
602,1.633
603,0.989
604,0.433
605,0.933
606,0.889
607,0.489
608,-0.067
609,0.044
610,0.044
611,0.044
612,-0.167
613,-0.122
614,-0.122
615,-0.622
616,-0.922
617,-0.367
618,-0.578
619,0.233
620,0.267
621,0.856
622,1.322
623,1.322
624,1.9
625,1.856
626,1
627,1.256
628,0.656
629,1.211
630,0.933
631,0.011
632,-0.8
633,-0.833
634,0.022
635,0.367
636,-0.189
637,0.411
638,0.033
639,-0.278
640,0.689
641,1.389
642,0.833
643,0.611
644,1.078
645,1.444
646,1.444
647,1.233
648,1.822
649,0.856
650,0.5
651,1.011
652,0.422
653,-0.089
654,-0.056
655,-0.011
656,-0.011
657,0.067
658,0.178
659,0.044
660,-0.067
661,-0.067
662,-0.478
663,-0.367
664,-0.522
665,-0.567
666,-0.378
667,0.433
668,1.033
669,0.633
670,0.844
671,0.956
672,0.389
673,0.5
674,0.756
675,0.489
676,0.278
677,-0.644
678,-1.056
679,-1.378
680,-1.489
681,-1.433
682,-1.944
683,-2.156
684,-2.533
685,-2.322
686,-1.867
687,-1.756
688,-1.333
689,-0.633
690,-0.633
691,-0.933
692,-0.122
693,0.011
694,-0.5
695,-0.256
696,0.6
697,0.289
698,-0.3
699,0.211
700,0.811
701,-0.111
702,-0.422
703,-0.722
704,-1.1
705,-1.644
706,-0.833
707,-0.878
708,-1.378
709,-1.978
710,-1.278
711,-1
712,-0.689
713,-0.311
714,0.267
715,0.344
716,0.344
717,0.844
718,1.656
719,1.067
720,0.756
721,1.333
722,1.411
723,0.522
724,0.444
725,0.833
726,-0.089
727,-0.9
728,-0.689
729,-0.733
730,-1.378
731,-1.156
732,-0.489
733,-1.3
734,-1.689
735,-1.367
736,-1.067
737,-0.389
738,-0.344
739,-0.633
740,-0.933
741,-1.6
742,-1.256
743,-0.9
744,-0.522
745,-0.511
746,-0.811
747,-0.6
748,-0.344
749,-0.722
750,-0.833
751,-0.878
752,-1.189
753,-1.744
754,-1.467
755,-1.467
756,-1.678
757,-1.889
758,-1.511
759,-1.1
760,-1.1
761,-1.1
762,-1.133
763,-1.722
764,-2.311
765,-2.311
766,-2.311
767,-2.9
768,-2.344
769,-2.644
770,-2.056
771,-1.456
772,-1.456
773,-1.156
774,-0.456
775,-0.456
776,-0.156
777,-0.7
778,-0.7
779,-1.289
780,-1.889
781,-1.889
782,-1.878
783,-2.578
784,-2.367
785,-2.667
786,-2.978
787,-2.978
788,-2.122
789,-1.267
790,-0.922
791,-0.922
792,-0.922
793,-1.133
794,-1.244
795,-0.356
796,-0.144
797,-0.111
798,-0.756
799,-0.289
800,0
801,0
802,0.244
803,1.244
804,1.167
805,0.956
806,0.922
807,1.311
808,0.456
809,0.556
810,1.411
811,1.167
812,0.578
813,0.656
814,1.467
815,0.911
816,0.311
817,0.356
818,-0.033
819,-0.578
820,-0.578
821,-0.878
822,-1.733
823,-1.878
824,-2.178
825,-2.178
826,-1.478
827,-0.933
828,-1.244
829,-1.244
830,-1.289
831,-0.978
832,-0.833
833,-0.022
834,0.189
835,0.3
836,0.3
837,0.611
838,1.5
839,2.356
840,2.356
841,2.356
842,1.756
843,1.544
844,1.544
845,0.9
846,1.478
847,0.589
848,0.478
849,0.344
850,-0.156
851,-0.067
852,0.522
853,0.3
854,0.756
855,-0.133
856,0.456
857,0.611
858,0.989
859,1.022
860,1.578
861,1.656
862,1.022
863,0.656
864,1.544
865,1.767
866,1.222
867,1.444
868,1.4
869,0.578
870,-0.089
871,0.167
872,-0.178
873,-0.211
874,-0.211
875,-0.522
876,-1.333
877,-1.289
878,-0.511
879,0.3
880,0.089
881,0.944
882,0.089
883,-0.422
884,0.467
885,1.278
886,1.233
887,0.722
888,0.722
889,0.722
890,0.122
891,0.933
892,0.667
893,-0.333
894,-0.933
895,-0.344
896,-0.644
897,-1.156
898,-0.944
899,-0.811
900,-1.278
901,-1.011
902,-0.044
903,0.556
904,0.478
905,0.367
906,0.067
907,0.667
908,0.911
909,1.233
910,1.522
911,1.011
912,0.2
913,0.244
914,0.944
915,0.944
916,0.722
917,0.444
918,0.589
919,0.3
920,0.544
921,0.544
922,0.278
923,0
924,0.211
925,0.433
926,0.933
927,0.156
928,0.444
929,0.667
930,0.978
931,0.978
932,1.256
933,1.078
934,0.856
935,0.289
936,1.144
937,1.156
938,0.944
939,1.333
940,1.6
941,1.044
942,1.322
943,1.4
944,1.044
945,1.011
946,0.756
947,0.156
948,-0.244
949,-1.1
950,-0.244
951,-0.667
952,-1.033
953,-0.033
954,-0.589
955,-0.078
956,-0.078
957,-0.378
958,-0.089
959,-0.633
960,-0.222
961,-0.522
962,-0.6
963,-0.556
964,-0.6
965,-0.3
966,0.556
967,1.078
968,1.033
969,0.689
970,1.5
971,0.989
972,0.644
973,0.644
974,0.589
975,0.4
976,-0.111
977,0.4
978,1.3
979,0.778
980,0.478
981,0.778
982,0.278
983,0.889
984,1.033
985,1.544
986,1.033
987,0.989
988,1.367
989,1.678
990,1.589
991,1.278
992,0.722
993,0.722
994,0.122
995,0.122
996,-0.344
997,-0.344
998,-0.656
999,-0.167
1000,0.178
1001,-0.122
1002,-0.344
1003,-0.556
1004,-0.256
1005,-0.6
1006,-1.311
1007,-0.5
1008,-0.344
1009,-0.478
1010,-0.522
1011,-1.111
1012,-1.111
1013,-1.756
1014,-1.167
1015,-0.778
1016,-1.278
1017,-1.822
1018,-2.033
1019,-1.644
1020,-1.3
1021,-1.344
1022,-1.411
1023,-1.7
1024,-2.044
1025,-2.011
1026,-2.322
1027,-2.322
1028,-2.667
1029,-2.667
1030,-2.033
1031,-1.333
1032,-1.289
1033,-0.989
1034,-0.733
1035,-0.733
1036,-0.144
1037,0.156
1038,0.122
1039,-0.467
1040,-0.711
1041,-0.244
1042,0.267
1043,-0.333
1044,0.011
1045,0.311
1046,0.356
1047,0.856
1048,0.856
1049,0.856
1050,0.044
1051,-0.456
1052,0.356
1053,0.6
1054,-0.078
1055,0.178
1056,-0.633
1057,-0.322
1058,-0.667
1059,-0.667
1060,-0.767
1061,-1.267
1062,-1.267
1063,-1.178
1064,-1.778
1065,-1.478
1066,-1.833
1067,-1.489
1068,-1.533
1069,-1.444
1070,-1.8
1071,-1.5
1072,-1.489
1073,-1.278
1074,-0.989
1075,-0.344
1076,-0.1
1077,0.533
1078,0.122
1079,1.056
1080,0.122
1081,-0.189
1082,0.489
1083,-0.144
1084,-0.533
1085,-0.311
1086,-0.089
1087,0.322
1088,0.022
1089,0.367
1090,0.667
1091,-0.333
1092,0.522
1093,0.656
1094,-0.267
1095,-0.489
1096,0.022
1097,0.022
1098,-0.278
1099,0.233
1100,1.044
1101,0.578
1102,1.044
1103,1.967
1104,2.233
1105,1.378
1106,1.6
1107,2.267
1108,2.311
1109,1.956
1110,1.911
1111,1.311
1112,1.356
1113,0.389
1114,0.433
1115,-0.489
1116,-1.267
1117,-1.822
1118,-2.133
1119,-2.4
1120,-2.022
1121,-2.289
1122,-1.878
1123,-1.567
1124,-1.144
1125,-0.722
1126,-0.433
1127,-0.256
1128,0.022
1129,-0.356
1130,-0.356
1131,-0.067
1132,-0.489
1133,-0.5
1134,-0.5
1135,-0.5
1136,-0.411
1137,-0.133
1138,0.467
1139,0.189
1140,-0.444
1141,0.478
1142,0.989
1143,0.989
1144,0.356
1145,0.4
1146,0.622
1147,0.111
1148,0.089
1149,0.133
1150,-0.467
1151,-1.067
1152,-1.167
1153,-0.878
1154,-0.911
1155,-1.511
1156,-1.5
1157,-1.578
1158,-1.689
1159,-1.2
1160,-1.522
1161,-0.922
1162,-0.856
1163,-0.467
1164,0.022
1165,0.6
1166,1.056
1167,1.467
1168,1.622
1169,2.078
1170,1.967
1171,1.967
1172,1.567
1173,1.078
1174,0.789
1175,0.933
1176,1.333
1177,0.478
1178,0.133
1179,-0.678
1180,-1.033
1181,-1.089
1182,-1.089
1183,-1.444
1184,-2.222
1185,-2.111
1186,-1.511
1187,-0.7
1188,-0.589
1189,-0.589
1190,-0.133
1191,0.467
1192,0.889
1193,1.156
1194,0.689
1195,0.433
1196,-0.344
1197,-0.344
1198,0.289
1199,0.4
1200,0.289
1201,-0.378
1202,-0.367
1203,-0.011
1204,-0.356
1205,-0.1
1206,0.489
1207,0.711
1208,0.2
1209,0.1
1210,0.444
1211,0.478
1212,-0.267
1213,0.589
1214,0.511
1215,0.778
1216,0.267
1217,-0.033
1218,-0.289
1219,0.178
1220,-0.167
1221,-0.089
1222,-0.644
1223,-0.856
1224,-0.9
1225,-0.989
1226,-0.989
1227,-0.989
1228,-1.489
1229,-1.144
1230,-1.178
1231,-0.778
1232,0.033
1233,-0.778
1234,-0.4
1235,-0.111
1236,0.356
1237,0.644
1238,1.111
1239,1.967
1240,1.267
1241,0.411
1242,1.011
1243,1.278
1244,0.989
1245,0.389
1246,0.1
1247,-0.4
1248,-0.4
1249,0.411
1250,0.456
1251,0.156
1252,-0.489
1253,-0.456
1254,-0.367
1255,0.133
1256,0.033
1257,-0.233
1258,-1.089
1259,-0.278
1260,-0.367
1261,-0.233
1262,0.078
1263,0.633
1264,-0.178
1265,-0.389
1266,-0.278
1267,-0.022
1268,-0.833
1269,-0.344
1270,-0.389
1271,-0.144
1272,-0.189
1273,-0.3
1274,0.4
1275,0.511
1276,1.156
1277,2.011
1278,1.622
1279,1.322
1280,0.689
1281,0.467
1282,1.167
1283,1.167
1284,0.667
1285,0.478
1286,0.511
1287,0.156
1288,0.156
1289,1.011
1290,0.711
1291,0.122
1292,-0.689
1293,-1.044
1294,-1.5
1295,-1.578
1296,-1.578
1297,-0.722
1298,-1.289
1299,-1.233
1300,-0.889
1301,-0.889
1302,-0.244
1303,0.133
1304,-0.678
1305,-0.333
1306,-0.589
1307,-0.022
1308,0.222
1309,0.767
1310,1.689
1311,1.756
1312,1.2
1313,2.089
1314,2.6
1315,1.889
1316,1.422
1317,0.833
1318,0.156
1319,0.2
1320,0.422
1321,0.278
1322,-0.611
1323,-1.533
1324,-0.611
1325,-0.656
1326,-0.7
1327,-0.911
1328,-1.811
1329,-2.7
1330,-2.244
1331,-1.944
1332,-1.944
1333,-2.411
1334,-2.711
1335,-2.667
1336,-2.667
1337,-2.311
1338,-1.967
1339,-2.311
1340,-2.611
1341,-2.5
1342,-2.5
1343,-2.156
1344,-1.856
1345,-1.967
1346,-2.389
1347,-2.733
1348,-2.522
1349,-2.522
1350,-1.667
1351,-2.011
1352,-2.356
1353,-2.656
1354,-2.544
1355,-1.622
1356,-1.622
1357,-1.833
1358,-1.022
1359,-1.278
1360,-1.278
1361,-0.678
1362,-0.333
1363,0.367
1364,-0.133
1365,-0.244
1366,-0.244
1367,-1.022
1368,-1.033
1369,-0.433
1370,-1.033
1371,-0.789
1372,-0.678
1373,-0.178
1374,-0.067
1375,0.244
1376,0.511
1377,0.233
1378,0.233
1379,0.233
1380,-0.356
1381,-0.578
1382,-1.078
1383,-1.078
1384,-1.144
1385,-0.633
1386,-0.133
1387,-0.422
1388,-0.389
1389,-0.178
1390,-0.556
1391,-0.656
1392,0.233
1393,0.589
1394,0.122
1395,-0.344
1396,0.2
1397,1.022
1398,0.7
1399,0.489
1400,1.089
1401,0.5
1402,0.5
1403,0.456
1404,0.111
1405,-0.744
1406,-1.6
1407,-1.489
1408,-0.889
1409,-1.1
1410,-1.511
1411,-1.522
1412,-0.933
1413,-0.344
1414,0.256
1415,0.556
1416,1.367
1417,1.111
1418,0.511
1419,0.622
1420,0.922
1421,0.244
1422,0.256
1423,-0.344
1424,-0.644
1425,-1.567
1426,-1.322
1427,-1.322
1428,-1.022
1429,-1.7
1430,-1.911
1431,-2.511
1432,-1.656
1433,-1.067
1434,-0.289
1435,-0.989
1436,-1.033
1437,-1.333
1438,-1.544
1439,-1.544
1440,-1.544
1441,-2.511
1442,-3.144
1443,-3.222
1444,-3.222
1445,-3.178
1446,-3.222
1447,-3.222
1448,-3.222
1449,-3.222
1450,-3.111
1451,-3.067
1452,-3.067
1453,-3
1454,-2.333
1455,-1.478
1456,-1.478
1457,-1.522
1458,-0.822
1459,-0.822
1460,-0.822
1461,-0.822
1462,-0.778
1463,-1.233
1464,-1.233
1465,-1.233
1466,-1.189
1467,-1.889
1468,-1.889
1469,-1.078
1470,-1.633
1471,-1.322
1472,-0.833
1473,-1.333
1474,-1.333
1475,-1.022
1476,-0.422
1477,0.389
1478,-0.211
1479,0.1
1480,0.456
1481,0.456
1482,0.178
1483,0.989
1484,1.489
1485,0.889
1486,0.078
1487,0.678
1488,0.544
1489,-0.122
1490,-0.511
1491,0.311
1492,-0.256
1493,-1.178
1494,-0.322
1495,0.344
1496,-0.467
1497,0.133
1498,1.022
1499,1.311
1500,0.767
1501,1.111
1502,2.111
1503,1.211
1504,0.433
1505,0.433
1506,-0.033
1507,-0.333
1508,-0.933
1509,-1
1510,-1.7
1511,-2.589
1512,-1.944
1513,-0.944
1514,-0.133
1515,-0.522
1516,-1.111
1517,-0.256
1518,0.356
1519,0.467
1520,0.467
1521,0.722
1522,0.122
1523,-0.689
1524,-0.056
1525,0.533
1526,-0.322
1527,-0.322
1528,0.489
1529,1.378
1530,0.478
1531,0.778
1532,1.367
1533,1.589
1534,1.211
1535,2.022
1536,1.478
1537,0.978
1538,0.389
1539,0.433
1540,0.156
1541,-0.478
1542,-0.978
1543,-0.333
1544,-0.844
1545,-1.156
1546,-1.178
1547,-0.589
1548,-0.289
1549,-0.6
1550,0.044
1551,0.322
1552,-0.222
1553,0.289
1554,0.5
1555,0.211
1556,-0.089
1557,-0.089
1558,-0.089
1559,0.122
1560,0.122
1561,0.122
1562,-0.8
1563,-0.122
1564,0.689
1565,0.911
1566,1.422
1567,1.733
1568,1.733
1569,1.956
1570,2.344
1571,2.456
1572,1.567
1573,1.567
1574,0.711
1575,0.711
1576,0.611
1577,0.467
1578,0.244
1579,-0.167
1580,0.689
1581,1.544
1582,0.733
1583,1.078
1584,0.567
1585,0.7
1586,0.922
1587,1.144
1588,0.856
1589,0.856
1590,0.811
1591,1.7
1592,1.356
1593,1.867
1594,2.333
1595,1.444
1596,1.489
1597,2.344
1598,1.489
1599,0.889
1600,0.667
1601,1.522
1602,0.711
1603,0.489
1604,1.078
1605,0.178
1606,-0.678
1607,-0.678
1608,-0.933
1609,-1.6
1610,-1.556
1611,-1.556
1612,-1.833
1613,-2.211
1614,-2.211
1615,-1.922
1616,-1.033
1617,-0.678
1618,-0.467
1619,-0.467
1620,0.344
1621,0.844
1622,1.444
1623,2.378
1624,2.089
1625,1.9
1626,1.833
1627,1.622
1628,0.722
1629,0.222
1630,0
1631,0.078
1632,-0.511
1633,-0.211
1634,-0.956
1635,-1.311
1636,-1.422
1637,-0.789
1638,-1.1
1639,-1.089
1640,-1.667
1641,-2.011
1642,-2.067
1643,-1.211
1644,-1.1
1645,-0.689
1646,-1.278
1647,-0.978
1648,-1.578
1649,-1.889
1650,-1.556
1651,-1.911
1652,-2.433
1653,-1.733
1654,-2.033
1655,-2.033
1656,-2.444
1657,-2.144
1658,-1.8
1659,-2.2
1660,-1.8
1661,-1.422
1662,-1.822
1663,-1.578
1664,-1.278
1665,-0.578
1666,-0.578
1667,-0.922
1668,-0.811
1669,-0.8
1670,-1.156
1671,-0.567
1672,-0.811
1673,-0.811
1674,-0.811
1675,-0.822
1676,-0.867
1677,-0.567
1678,-0.522
1679,-0.833
1680,-1.411
1681,-1.111
1682,-0.556
1683,-1.256
1684,-0.844
1685,-0.489
1686,-0.2
1687,-0.2
1688,-0.311
1689,-0.733
1690,-1.144
1691,-1.756
1692,-1.333
1693,-1.178
1694,-1.489
1695,-1.378
1696,-1.411
1697,-0.989
1698,-0.278
1699,0.689
1700,0.444
1701,0.989
1702,0.133
1703,0.133
1704,-0.567
1705,-0.567
1706,-0.533
1707,-1.133
1708,-2.1
1709,-2.211
1710,-2.856
1711,-2
1712,-1.4
1713,-0.589
1714,-0.589
1715,-0.122
1716,0.689
1717,0.689
1718,1.656
1719,1.656
1720,0.689
1721,0.9
1722,0.089
1723,-0.267
1724,-1.078
1725,-1.589
1726,-1.522
1727,-2.378
1728,-2.289
1729,-2.178
1730,-2.644
1731,-2.644
1732,-2.6
1733,-1.789
1734,-2.089
1735,-2.089
1736,-1.778
1737,-1.267
1738,-1.267
1739,-1.611
1740,-1.311
1741,-1.356
1742,-2.167
1743,-1.567
1744,-1.522
1745,-0.944
1746,-1.8
1747,-1.911
1748,-1.956
1749,-2.256
1750,-2.211
1751,-2.256
1752,-2.511
1753,-2.511
1754,-3.4
1755,-3.044
1756,-2.722
1757,-1.867
1758,-1.278
1759,-0.467
1760,-0.422
1761,-0.467
1762,-0.156
1763,-0.156
1764,-0.156
1765,-0.367
1766,-1.222
1767,-1.811
1768,-2.311
1769,-2.011
1770,-1.5
1771,-1.811
1772,-1.811
1773,-1.811
1774,-1.856
1775,-0.922
1776,-0.578
1777,-0.889
1778,-0.3
1779,-0.3
1780,0.589
1781,0.589
1782,0.622
1783,1.478
1784,0.9
1785,0.556
1786,0.556
1787,0.267
1788,0.311
1789,-0.267
1790,0.589
1791,1.056
1792,1.133
1793,0.711
1794,1.3
1795,1.967
1796,2.222
1797,1.667
1798,1.956
1799,1.911
1800,1.444
1801,1.411
1802,1.733
1803,2
1804,1.333
1805,0.689
1806,0.389
1807,0.1
1808,0.1
1809,-0.211
1810,-0.478
1811,-0.378
1812,-0.422
1813,-0.533
1814,0.067
1815,0.733
1816,1.233
1817,0.311
1818,1.089
1819,0.811
1820,0.389
1821,-0.422
1822,-0.278
1823,-1.133
1824,-1.556
1825,-1.778
1826,-1.067
1827,-1.278
1828,-0.889
1829,-0.189
1830,-0.189
1831,0.589
1832,0.589
1833,0.644
1834,0.367
1835,-0.344
1836,-0.344
1837,-0.156
1838,0.067
1839,0.067
1840,0.067
1841,0.422
1842,0.122
1843,0.111
1844,0.522
1845,0.267
1846,0.078
1847,-0.733
1848,-0.389
1849,-0.5
1850,-0.5
1851,-0.289
1852,0.222
1853,0.778
1854,0.744
1855,0.856
1856,1.667
1857,2.133
1858,1.322
1859,1.044
1860,1.722
1861,1.8
1862,0.944
1863,0.633
1864,0.033
1865,-0.111
1866,-0.611
1867,0.311
1868,0.167
1869,-0.689
1870,-1.267
1871,-0.667
1872,-0.667
1873,-0.922
1874,-0.733
1875,-0.189
1876,-1.111
1877,-0.7
1878,-0.144
1879,0.133
1880,-0.156
1881,0.144
1882,0.533
1883,0.267
1884,-0.244
1885,0.167
1886,0.178
1887,-0.1
1888,-0.389
1889,-0.356
1890,0.2
1891,0.711
1892,0.422
1893,0.422
1894,0.422
1895,0.922
1896,0.956
1897,0.956
1898,0.5
1899,-0.356
1900,-0.322
1901,-0.622
1902,-0.722
1903,-0.133
1904,-0.133
1905,-0.589
1906,-0.033
1907,0.889
1908,1.233
1909,0.556
1910,1.144
1911,1.489
1912,1.267
1913,0.344
1914,0.456
1915,-0.189
1916,-1
1917,-0.456
1918,0.033
1919,-0.244
1920,-0.833
1921,-0.644
1922,0.056
1923,0.056
1924,0.511
1925,1.178
1926,1.178
1927,0.367
1928,0.944
1929,1.533
1930,1.489
1931,1.111
1932,1.7
1933,1.244
1934,0.467
1935,-0.078
1936,0.333
1937,-0.211
1938,-0.489
1939,-0.711
1940,-0.622
1941,-1.211
1942,-1.422
1943,-1.311
1944,-0.956
1945,-1.256
1946,-1.6
1947,-1.1
1948,-1.8
1949,-1.211
1950,-1.256
1951,-0.911
1952,-0.7
1953,-1.4
1954,-0.811
1955,0.044
1956,-0.767
1957,0.156
1958,0.122
1959,0.122
1960,0.089
1961,0.189
1962,0.4
1963,0.622
1964,-0.278
1965,-0.067
1966,-0.578
1967,-1.222
1968,-0.367
1969,-0.467
1970,0.078
1971,0.756
1972,0.156
1973,0.2
1974,0.3
1975,0.889
1976,0.633
1977,-0.178
1978,0.467
1979,0.5
1980,-0.144
1981,-0.356
1982,0.244
1983,0.744
1984,-0.144
1985,0.489
1986,1.3
1987,1.033
1988,0.733
1989,0.733
1990,0.767
1991,0.756
1992,0.156
1993,0.156
1994,-0.433
1995,-0.656
1996,-1.244
1997,-1.878
1998,-1.822
1999,-1.856
2000,-2.233
2001,-2.489
2002,-2.278
2003,-1.933
2004,-1.667
2005,-1.067
2006,-0.711
2007,-1.011
2008,-1.011
2009,-0.367
2010,0.022
2011,-0.189
2012,0.278
2013,0.233
2014,-0.367
2015,-0.678
2016,-0.078
2017,0.267
2018,-0.589
2019,-0.933
2020,-0.078
2021,-0.644
2022,-1.456
2023,-1.456
2024,-1.211
2025,-1.922
2026,-1.967
2027,-1.156
2028,-0.844
2029,-1.811
2030,-2.056
2031,-1.756
2032,-1.456
2033,-1.7
2034,-0.889
2035,-1.189
2036,-1.689
2037,-2
2038,-1.589
2039,-1.244
2040,-0.844
2041,-0.844
2042,0.044
2043,-0.656
2044,-0.356
2045,-0.667
2046,0.189
2047,0.589
2048,0.833
2049,0.722
2050,0.422
2051,-0.122
2052,0.467
2053,0.467
2054,0.778
2055,-0.078
2056,-0.467
2057,-0.756
2058,-0.756
2059,-0.456
2060,-0.456
2061,-0.733
2062,-0.733
2063,-1.044
2064,-0.7
2065,-1.011
2066,-0.722
2067,-1.011
2068,-1
2069,-1.133
2070,-1.444
2071,-1.744
2072,-1.444
2073,-1.9
2074,-1.9
2075,-2.144
2076,-2.489
2077,-2.844
2078,-3.056
2079,-3.1
2080,-3.1
2081,-3.056
2082,-2.944
2083,-3.056
2084,-2.811
2085,-2.467
2086,-2.422
2087,-2.422
2088,-2.033
2089,-2.078
2090,-2.422
2091,-2.467
2092,-2.011
2093,-2.644
2094,-2.6
2095,-2.3
2096,-2.344
2097,-2.478
2098,-1.622
2099,-1.022
2100,-0.767
2101,-0.8
2102,-0.456
2103,-0.489
2104,0.1
2105,0.956
2106,0.633
2107,0.633
2108,0.844
2109,1.222
2110,0.911
2111,1.422
2112,1.967
2113,0.967
2114,0.456
2115,0.811
2116,0.856
2117,0.389
2118,0.689
2119,1.278
2120,0.778
2121,0.733
2122,1.733
2123,2.022
2124,1.778
2125,1.167
2126,1.122
2127,0.478
2128,0.2
2129,0.744
2130,0.278
2131,-0.611
2132,-0.9
2133,-0.9
2134,-0.333
2135,0.256
2136,-0.033
2137,-0.344
2138,-1.2
2139,-0.878
2140,-0.578
2141,-0.022
2142,0.789
2143,0.567
2144,0.378
2145,1.278
2146,2.089
2147,2.089
2148,1.456
2149,1.967
2150,1.922
2151,1.322
2152,0.767
2153,0.378
2154,-0.478
2155,-1.289
2156,-0.7
2157,-0.733
2158,-1.544
2159,-2.4
2160,-2.611
2161,-2.333
2162,-2.433
2163,-1.844
2164,-1.033
2165,-1.033
2166,-1.144
2167,-0.333
2168,0.411
2169,1.222
2170,1.5
2171,1.589
2172,1.811
2173,1.589
2174,1.589
2175,2.289
2176,1.822
2177,1.422
2178,0.956
2179,0.678
2180,0.378
2181,0.156
2182,-0.433
2183,-0.167
2184,-0.167
2185,0.3
2186,0.856
2187,0.511
2188,0.2
2189,1.056
2190,0.422
2191,1.011
2192,0.744
2193,0.967
2194,0.5
2195,-0.467
2196,0.122
2197,0.933
2198,0.667
2199,1.311
2200,1.311
2201,0.722
2202,0.211
2203,0.178
2204,0.289
2205,-0.344
2206,-1.122
2207,-1.122
2208,-1.833
2209,-1.611
2210,-1.611
2211,-1.322
2212,-0.778
2213,-0.178
2214,0.533
2215,1.389
2216,1.689
2217,2.1
2218,1.6
2219,2.489
2220,2.5
2221,1.644
2222,1.344
2223,1.344
2224,0.667
2225,0.078
2226,0.089
2227,0.078
2228,-0.511
2229,-0.411
2230,-0.167
2231,-0.167
2232,-0.533
2233,-0.156
2234,-0.144
2235,0.133
2236,-0.211
2237,-0.2
2238,-0.9
2239,-1.111
2240,-1.411
2241,-1.367
2242,-1.356
2243,-1.667
2244,-2.256
2245,-1.322
2246,-0.744
2247,-0.856
2248,-0.078
2249,0.622
2250,1.089
2251,0.444
2252,0.4
2253,0.744
2254,0.667
2255,0.633
2256,0.744
2257,-0.067
2258,0.044
2259,-0.178
2260,-0.244
2261,0.656
2262,0.522
2263,-0.256
2264,-0.811
2265,0
2266,0
2267,0
2268,-0.289
2269,0.122
2270,-0.522
2271,-0.733
2272,-0.167
2273,0.122
2274,-0.689
2275,-0.378
2276,-0.333
2277,-0.633
2278,-0.344
2279,0.033
2280,0.844
2281,0.2
2282,-0.178
2283,0.633
2284,0.322
2285,-0.222
2286,0.589
2287,0.3
2288,-0.4
2289,-0.322
2290,0.578
2291,0.367
2292,-0.444
2293,-0.233
2294,-0.244
2295,-0.756
2296,-0.244
2297,0.567
2298,0.022
2299,-0.533
2300,-0.578
2301,-0.278
2302,0.1
2303,0.1
2304,0.1
2305,-0.756
2306,-1.456
2307,-1.844
2308,-1.844
2309,-1.8
2310,-2.1
2311,-2.689
2312,-2.4
2313,-2.7
2314,-2.311
2315,-1.722
2316,-1.378
2317,-1.678
2318,-1.678
2319,-1.378
2320,-1.078
2321,-1.367
2322,-1.367
2323,-1.711
2324,-2.3
2325,-2.6
2326,-2.389
2327,-2.044
2328,-2.344
2329,-2.433
2330,-2.389
2331,-2.389
2332,-1.8
2333,-1.8
2334,-0.944
2335,-1.156
2336,-1.5
2337,-1.5
2338,-1.711
2339,-2.022
2340,-2.022
2341,-1.756
2342,-1.444
2343,-2.3
2344,-1.989
2345,-1.989
2346,-1.133
2347,-0.544
2348,-0.578
2349,-0.233
2350,-1.089
2351,-0.511
2352,0.089
2353,-0.222
2354,0.122
2355,-0.733
2356,-0.733
2357,-0.733
2358,-0.767
2359,-0.767
2360,-1.356
2361,-1.1
2362,-0.244
2363,0.3
2364,0.889
2365,0.644
2366,0.644
2367,0.544
2368,0.544
2369,1.1
2370,1.056
2371,0.5
2372,-0.089
2373,-0.678
2374,-1.022
2375,-0.422
2376,-0.633
2377,0.222
2378,-0.633
2379,-1.444
2380,-1.744
2381,-1.233
2382,-1.233
2383,-1.233
2384,-1.022
2385,-0.133
2386,-0.989
2387,-0.989
2388,-0.178
2389,0.633
2390,-0.178
2391,-0.289
2392,-0.289
2393,-0.756
2394,-1.3
2395,-1
2396,-0.656
2397,-1.467
2398,-1.978
2399,-1.667
2400,-0.667
2401,0.222
2402,0.733
2403,0.689
2404,0.278
2405,0.233
2406,0.578
2407,0.278
2408,-0.033
2409,-0.922
2410,-1.511
2411,-2.367
2412,-2.667
2413,-2.556
2414,-2
2415,-1.533
2416,-0.933
2417,-0.933
2418,-0.933
2419,-0.644
2420,-0.433
2421,-0.133
2422,-0.133
2423,-0.178
2424,-0.689
2425,-1.289
2426,-0.7
2427,-0.4
2428,-0.678
2429,-0.078
2430,-0.378
2431,0.211
2432,-0.6
2433,-1.011
2434,-1.011
2435,-1.6
2436,-1.6
2437,-1.311
2438,-2.122
2439,-1.233
2440,-1.011
2441,-1.011
2442,-0.689
2443,-0.689
2444,-0.689
2445,-0.989
2446,-1.589
2447,-1.589
2448,-2.444
2449,-2.944
2450,-2.944
2451,-3.156
2452,-3.156
2453,-3.156
2454,-2.856
2455,-2.556
2456,-2.211
2457,-1.944
2458,-2.256
2459,-2.256
2460,-2.256
2461,-2.256
2462,-2.256
2463,-2.556
2464,-2.556
2465,-2.9
2466,-3.2
2467,-3.2
2468,-3.2
2469,-3.2
2470,-3.2
2471,-3.2
2472,-3.2
2473,-3.5
2474,-3.5
2475,-3.5
2476,-3.5
2477,-3.5
2478,-3.5
2479,-3.5
2480,-3.5
2481,-3.5
2482,-3.5
2483,-3.5
2484,-3.156
2485,-3.156
2486,-3.156
2487,-2.811
2488,-2.811
2489,-2.811
2490,-2.811
2491,-2.811
2492,-2.811
2493,-3.156
2494,-3.156
2495,-2.811
2496,-2.856
2497,-2.856
2498,-2.256
2499,-2.256
2500,-1.444
2501,-1.444
2502,-1.444
2503,-1.444
2504,-1.544
2505,-1.633
2506,-1.633
2507,-1.633
2508,-1.633
2509,-1.856
2510,-1.556
2511,-1.344
2512,-0.533
2513,0.078
2514,-0.244
2515,0.456
2516,-0.144
2517,-0.256
2518,-0.144
2519,-0.444
2520,-0.767
2521,-1.578
2522,-2.433
2523,-2.322
2524,-2.211
2525,-1.322
2526,-0.322
2527,-1.022
2528,-0.322
2529,-0.211
2530,-0.211
2531,0.389
2532,1.089
2533,0.578
2534,-0.011
2535,-0.311
2536,0
2537,-0.7
2538,0.189
2539,0.4
2540,0.011
2541,-0.389
2542,-0.478
2543,-0.433
2544,-1.022
2545,-0.444
2546,-0.233
2547,-0.811
2548,-0.711
2549,-0.889
2550,-0.978
2551,-0.378
2552,-0.122
2553,0.733
2554,-0.267
2555,-0.444
2556,-0.167
2557,-0.478
2558,-0.478
2559,-0.389
2560,-0.9
2561,-0.689
2562,-1.233
2563,-0.311
2564,0
2565,-0.289
2566,0.056
2567,0.322
2568,0.322
2569,0.333
2570,-0.167
2571,-0.589
2572,-0.589
2573,-0.622
2574,-0.922
2575,-0.922
2576,-0.333
2577,-0.289
2578,-0.711
2579,-0.722
2580,-0.611
2581,-1.533
2582,-1.533
2583,-0.722
2584,-1.178
2585,-2.067
2586,-1.6
2587,-1.178
2588,-0.889
2589,-0.889
2590,-0.467
2591,-0.433
2592,-1.211
2593,-0.789
2594,0.1
2595,-0.678
2596,-0.133
2597,-0.689
2598,-0.444
2599,-0.544
2600,-0.544
2601,-0.578
2602,-1
2603,-1.889
2604,-1.711
2605,-2.567
2606,-2.389
2607,-2.422
2608,-1.822
2609,-1.278
2610,-0.467
2611,-0.356
2612,-0.467
2613,0.133
2614,0.944
2615,1.078
2616,1.078
2617,0.567
2618,0.267
2619,0.044
2620,0.633
2621,0.744
2622,0.822
2623,0.822
2624,0.478
2625,1.078
2626,1.078
2627,0.789
2628,0.5
2629,0.722
2630,0.933
2631,0.856
2632,0.044
2633,0.344
2634,-0.578
2635,-0.533
2636,-0.944
2637,-0.656
2638,-1.578
2639,-0.978
2640,-0.978
2641,-0.122
2642,-0.078
2643,0.033
2644,-0.311
2645,-0.2
2646,0.067
2647,0.211
2648,0.289
2649,0.367
2650,0.1
2651,-0.356
2652,-0.056
2653,-0.056
2654,-0.056
2655,-0.911
2656,-0.133
2657,-0.211
2658,-1.1
2659,-1.689
2660,-0.878
2661,-0.478
2662,-0.444
2663,-0.444
2664,-0.444
2665,-0.956
2666,-1.456
2667,-0.867
2668,-0.556
2669,-0.956
2670,-1.656
2671,-1.1
2672,-0.756
2673,-0.444
2674,0.067
2675,0.056
2676,-0.233
2677,0.344
2678,0.256
2679,0.567
2680,0.567
2681,1.033
2682,1.033
2683,0.111
2684,0.1
2685,0.111
2686,-0.778
2687,-0.989
2688,-0.633
2689,-1.267
2690,-1.222
2691,-0.722
2692,-0.611
2693,-0.311
2694,-0.622
2695,-0.322
2696,0.278
2697,-0.356
2698,-0.311
2699,-0.5
2700,-0.456
2701,-0.156
2702,0.111
2703,0.967
2704,0.622
2705,0.878
2706,1.144
2707,2.033
2708,2.222
2709,1.367
2710,1.1
2711,1.056
2712,0.2
2713,0.944
2714,0.9
2715,0.489
2716,-0.4
2717,-1.256
2718,-1.256
2719,-0.478
2720,-1.289
2721,-1.289
2722,-2.1
2723,-3.022
2724,-2.911
2725,-2.956
2726,-3.067
2727,-3.178
2728,-4.033
2729,-4.033
2730,-3.222
2731,-2.522
2732,-2.411
2733,-2.411
2734,-2.367
2735,-1.944
2736,-1.878
2737,-0.944
2738,-0.633
2739,-1.444
2740,-2.078
2741,-1.733
2742,-1.778
2743,-1.778
2744,-2.089
2745,-2.089
2746,-2.978
2747,-3.289
2748,-3.4
2749,-3.356
2750,-3.7
2751,-3.356
2752,-2.767
2753,-2.767
2754,-2.056
2755,-1.744
2756,-1.156
2757,-0.744
2758,-0.789
2759,-0.489
2760,-0.789
2761,-1.378
2762,-1.078
2763,-1.433
2764,-1.744
2765,-2.333
2766,-2.633
2767,-1.778
2768,-1.778
2769,-1.778
2770,-1.433
2771,-1.422
2772,-1.522
2773,-0.922
2774,-0.711
2775,-0.711
2776,-1.222
2777,-1.278
2778,-1.067
2779,-1.1
2780,-1.1
2781,-1.1
2782,-1.4
2783,-1.311
2784,-1
2785,-1.3
2786,-0.956
2787,-0.578
2788,-0.578
2789,-0.589
2790,-0.8
2791,-0.8
2792,-1.144
2793,-1.456
2794,-1.144
2795,-0.922
2796,-1.167
2797,-1.167
2798,-0.656
2799,-0.656
2800,-0.656
2801,-0.311
2802,-0.311
2803,-0.622
2804,-1.433
2805,-1.567
2806,-1.567
2807,-1.567
2808,-1.356
2809,-1.344
2810,-1.433
2811,-1.222
2812,-0.633
2813,0.178
2814,0.311
2815,0
2816,0.044
2817,0.044
2818,-0.267
2819,-0.478
2820,0.122
2821,-0.467
2822,-0.978
2823,-1.111
2824,-0.522
2825,-1.033
2826,-1.244
2827,-0.9
2828,-0.556
2829,-1.067
2830,-0.767
2831,-0.756
2832,-0.967
2833,-0.744
2834,-0.278
2835,0.322
2836,0.189
2837,0.7
2838,0.4
2839,0.311
2840,0
2841,0
2842,0
2843,-0.467
2844,-0.856
2845,-0.756
2846,-1.722
2847,-1.511
2848,-1.422
2849,-1.078
2850,-1.078
2851,-1.3
2852,-1.644
2853,-1.544
2854,-1.544
2855,-1.433
2856,-1.044
2857,-1.344
2858,-0.878
2859,-0.578
2860,-0.956
2861,-0.367
2862,-0.467
2863,-0.467
2864,0.422
2865,0.133
2866,0.433
2867,0.433
2868,0.433
2869,0.433
2870,-0.156
2871,-0.478
2872,-0.2
2873,-1.089
2874,-1.4
2875,-1.4
2876,-2.211
2877,-1.922
2878,-1.322
2879,-1.011
2880,-0.311
2881,-0.044
2882,0.256
2883,0.556
2884,0.256
2885,1.067
2886,0.478
2887,0.011
2888,0
2889,-0.378
2890,-0.633
2891,-0.933
2892,-0.922
2893,-0.622
2894,-1.133
2895,-0.322
2896,-0.078
2897,-0.078
2898,0.378
2899,0.089
2900,0.9
2901,0.589
2902,0.289
2903,0.578
2904,0.622
2905,0.378
2906,0.078
2907,-0.278
2908,-0.289
2909,-0.511
2910,0.078
2911,0.422
2912,0.133
2913,-0.422
2914,-0.767
2915,-0.767
2916,-0.867
2917,-1.278
2918,-1.278
2919,-1.522
2920,-1.567
2921,-1.567
2922,-1.556
2923,-1.344
2924,-1
2925,-1.211
2926,-0.511
2927,-0.889
2928,-1.022
2929,-0.733
2930,-0.178
2931,0.1
2932,-0.111
2933,0.4
2934,0.4
2935,0.156
2936,-0.167
2937,-0.078
2938,-0.667
2939,-1.178
2940,-1.467
2941,-1.122
2942,-1.978
2943,-1.678
2944,-1.433
2945,-1.322
2946,-1.411
2947,-1.2
2948,-1.544
2949,-1.844
2950,-1.889
2951,-1.589
2952,-1.678
2953,-2.056
2954,-1.467
2955,-1.378
2956,-1.289
2957,-1.289
2958,-0.989
2959,-0.989
2960,-0.989
2961,-0.889
2962,-1.211
2963,-1.8
2964,-1.8
2965,-1.511
2966,-0.656
2967,-0.367
2968,0.222
2969,0.222
2970,0.256
2971,0.956
2972,0.956
2973,0.956
2974,0.256
2975,-0.256
2976,0.044
2977,-0.033
2978,-0.333
2979,-0.678
2980,-1.056
2981,-0.244
2982,-0.333
2983,0.078
2984,0.044
2985,-0.544
2986,-1.056
2987,-1.056
2988,-1.056
2989,-1.267
2990,-2.078
2991,-2.078
2992,-1.567
2993,-1.289
2994,-1.244
2995,-0.656
2996,-0.356
2997,0.456
2998,0.667
2999,0.667
3000,0.8
3001,0.844
3002,0.256
3003,0.122
3004,-0.467
3005,-0.067
3006,-0.067
3007,0.311
3008,0.9
3009,1.367
3010,0.722
3011,0.722
3012,0.511
3013,1.1
3014,0.289
3015,-0.633
3016,-1.222
3017,-0.956
3018,-0.956
3019,-1.167
3020,-1.167
3021,-1.167
3022,-1.244
3023,-0.789
3024,0.211
3025,0.1
3026,-0.544
3027,-1.144
3028,-0.833
3029,-0.944
3030,-0.633
3031,-0.856
3032,-0.989
3033,-1.578
3034,-1.156
3035,-1.367
3036,-1.278
3037,-1.289
3038,-0.589
3039,-0.689
3040,-0.689
3041,-0.044
3042,0.511
3043,0.544
3044,0.544
3045,0.456
3046,0.5
3047,0.767
3048,0.867
3049,0.278
3050,0.278
3051,-0.278
3052,-0.411
3053,-0.411
3054,0.078
3055,0.544
3056,0.278
3057,0.556
3058,1.367
3059,0.722
3060,0.633
3061,1.011
3062,1.9
3063,1.2
3064,0.389
3065,-0.2
3066,0.067
3067,0.067
3068,0.444
3069,0.233
3070,-0.356
3071,-1.356
3072,-0.767
3073,-0.767
3074,-0.767
3075,-1.622
3076,-2.544
3077,-3.244
3078,-3.244
3079,-2.433
3080,-1.733
3081,-2.322
3082,-2.322
3083,-1.733
3084,-1.433
3085,-1.022
3086,-0.911
3087,-0.6
3088,-1.2
3089,-1.189
3090,-1.189
3091,-0.978
3092,-0.711
3093,-0.7
3094,-0.3
3095,0.589
3096,0.278
3097,0.378
3098,0.589
3099,0.8
3100,0.889
3101,0.033
3102,0.533
3103,-0.278
3104,-1.278
3105,-0.978
3106,-0.433
3107,-0.433
3108,-0.644
3109,-0.944
3110,-0.344
3111,-1.156
3112,-1.044
3113,-0.633
3114,-0.078
3115,-0.122
3116,-0.344
3117,0.511
3118,1.111
3119,0.722
3120,0.933
3121,0.933
3122,1.522
3123,1.256
3124,1.033
3125,0.444
3126,0.178
3127,-0.422
3128,-0.044
3129,0.556
3130,0.444
3131,-0.556
3132,-1.144
3133,-1.733
3134,-1.733
3135,-1.733
3136,-1.844
3137,-2.433
3138,-3.356
3139,-3.244
3140,-2.322
3141,-1.722
3142,-1.689
3143,-1.689
3144,-2.389
3145,-1.467
3146,-0.767
3147,-0.311
3148,-0.278
3149,-0.789
3150,-1.089
3151,-0.811
3152,-0.511
3153,0.189
3154,0.189
3155,-0.211
3156,0.033
3157,0.889
3158,1.4
3159,0.989
3160,0.978
3161,0.889
3162,0.889
3163,0.778
3164,0.789
3165,0.5
3166,-0.5
3167,-0.5
3168,-0.089
3169,-0.044
3170,-0.256
3171,-0.956
3172,-1.311
3173,-0.767
3174,-1.067
3175,-0.711
3176,-1.211
3177,-1.622
3178,-1.156
3179,-0.567
3180,0.4
3181,0.056
3182,-0.911
3183,-0.567
3184,-0.467
3185,-0.467
3186,0.344
3187,-0.467
3188,-0.456
3189,-0.967
3190,-0.622
3191,-0.211
3192,-0.256
3193,-0.3
3194,-0.578
3195,-1.278
3196,-1.389
3197,-1.778
3198,-1.822
3199,-1.822
3200,-1.822
3201,-2.122
3202,-1.567
3203,-1.6
3204,-1.289
3205,-0.367
3206,0.233
3207,-0.178
3208,0.289
3209,-0.122
3210,0.222
3211,-0.744
3212,0.067
3213,0.567
3214,0.567
3215,-0.244
3216,-0.1
3217,-0.911
3218,-0.211
3219,0.256
3220,0.667
3221,0.522
3222,0.522
3223,0.522
3224,1.378
3225,2.156
3226,2.967
3227,3.078
3228,3.122
3229,2.822
3230,2.156
3231,1.556
3232,0.7
3233,0.656
3234,-0.156
3235,-0.656
3236,-1.056
3237,-2.022
3238,-1.211
3239,-1.178
3240,-1.5
3241,-0.6
3242,-0.6
3243,-0.711
3244,-1.022
3245,-0.511
3246,0.267
3247,-0.3
3248,-0.3
3249,0.4
3250,-0.456
3251,-0.956
3252,-0.956
3253,-0.922
3254,-1.444
3255,-1.256
3256,-0.611
3257,-0.756
3258,-1.044
3259,-0.233
3260,0.267
3261,0.678
3262,1.533
3263,2.056
3264,1.2
3265,0.2
3266,0.611
3267,0.611
3268,-0.2
3269,-0.711
3270,-1.011
3271,-1.089
3272,-1.233
3273,-0.344
3274,-0.233
3275,-0.222
3276,-0.311
3277,-0.356
3278,0.156
3279,0.467
3280,-0.033
3281,-0.4
3282,-1.289
3283,-1.289
3284,-1.644
3285,-1.511
3286,-1.511
3287,-2.367
3288,-2.378
3289,-2.389
3290,-2.733
3291,-2.433
3292,-1.767
3293,-1.378
3294,-1.422
3295,-1.078
3296,-0.733
3297,-1
3298,-1.3
3299,-1.256
3300,-1.667
3301,-2.122
3302,-1.656
3303,-1.956
3304,-1.444
3305,-0.933
3306,-0.933
3307,-0.978
3308,-0.378
3309,-0.267
3310,-0.178
3311,-1.033
3312,-0.733
3313,-1.244
3314,-2.056
3315,-2.089
3316,-1.233
3317,-1.533
3318,-1.244
3319,-0.733
3320,-0.389
3321,0.167
3322,0.167
3323,0.767
3324,0.767
3325,0.544
3326,0.833
3327,1.356
3328,0.889
3329,1.256
3330,0.289
3331,0.3
3332,-0.3
3333,0.589
3334,0.7
3335,0.111
3336,0.189
3337,-0.156
3338,-0.933
3339,-0.522
3340,-0.489
3341,-0.144
3342,-1.144
3343,-1.889
3344,-1.856
3345,-2.433
3346,-2.433
3347,-2.367
3348,-2.633
3349,-2.389
3350,-2.433
3351,-1.978
3352,-1.589
3353,-1.322
3354,-1.322
3355,-0.467
3356,-0.389
3357,0.467
3358,-0.089
3359,-0.178
3360,-0.522
3361,-0.278
3362,0.011
3363,-0.089
3364,-0.089
3365,0.733
3366,0.511
3367,0.367
3368,0.189
3369,1.044
3370,1.267
3371,0.678
3372,0.778
3373,0.733
3374,0.767
3375,0.1
3376,1.022
3377,1.578
3378,0.678
3379,0.722
3380,1.422
3381,1.322
3382,0.811
3383,-0.044
3384,0.656
3385,0.156
3386,-0.433
3387,-0.389
3388,-1.356
3389,-1.744
3390,-2
3391,-2.3
3392,-2.022
3393,-2.722
3394,-2.367
3395,-2.367
3396,-2.067
3397,-1.956
3398,-2.378
3399,-2.333
3400,-2.444
3401,-2.411
3402,-2.411
3403,-3.122
3404,-2.533
3405,-2.167
3406,-1.867
3407,-1.544
3408,-0.878
3409,-0.467
3410,-0.511
3411,-0.511
3412,-0.167
3413,-0.456
3414,-0.822
3415,-0.822
3416,-0.689
3417,-0.467
3418,-0.1
3419,-0.089
3420,-0.089
3421,0.311
3422,0.3
3423,0
3424,0.511
3425,0.978
3426,0.944
3427,0.233
3428,0.733
3429,0.733
3430,0.033
3431,0.344
3432,0.344
3433,0.389
3434,-0.122
3435,-1.089
3436,-1.089
3437,-1.556
3438,-1.6
3439,-1.6
3440,-1.9
3441,-1.044
3442,-1.944
3443,-1.944
3444,-0.978
3445,-0.722
3446,-0.211
3447,0.133
3448,0.722
3449,0.767
3450,0.256
3451,0.3
3452,0.344
3453,-0.511
3454,-0.411
3455,-0.967
3456,-1.056
3457,-1.4
3458,-1.444
3459,-0.978
3460,-0.978
3461,-0.733
3462,-0.433
3463,-0.533
3464,-0.022
3465,0.111
3466,-0.133
3467,0.378
3468,0.167
3469,0.167
3470,0.178
3471,0.689
3472,0.778
3473,0
3474,-0.133
3475,0.722
3476,0.8
3477,0.089
3478,-0.022
3479,-0.322
3480,-0.833
3481,-0.322
3482,0.456
3483,0.556
3484,-0.3
3485,-1.233
3486,-0.311
3487,0.611
3488,0.2
3489,0.711
3490,0.711
3491,0.2
3492,0.7
3493,1.589
3494,1.933
3495,2.011
3496,1.789
3497,2.711
3498,2.111
3499,1.3
3500,1
3501,0.144
3502,0.111
3503,0.111
3504,-0.778
3505,-0.778
3506,-1.589
3507,-1.211
3508,-1.211
3509,-0.911
3510,-0.522
3511,-1.078
3512,-1.033
3513,-0.444
3514,-0.733
3515,-0.433
3516,-0.711
3517,-0.4
3518,-0.389
3519,-0.144
3520,-0.133
3521,-0.178
3522,-0.456
3523,-0.444
3524,-0.444
3525,-0.444
3526,-0.444
3527,-0.444
3528,-0.722
3529,-0.722
3530,-0.433
3531,-0.156
3532,-0.167
3533,-0.156
3534,-0.156
3535,-0.256
3536,-0.256
3537,-0.356
3538,-0.456
3539,-0.733
3540,-0.733
3541,-0.822
3542,-0.822
3543,-0.922
3544,-0.278
3545,-0.278
3546,-0.189
3547,0.189
3548,0.089
3549,0.089
3550,0.689
3551,1.233
3552,1.611
3553,1.344
3554,1.344
3555,1.633
3556,1.933
3557,2.022
3558,1.744
3559,1.822
3560,1.822
3561,2.089
3562,2.089
3563,2.367
3564,2.078
3565,1.5
3566,1.511
3567,2.056
3568,1.478
3569,0.933
3570,0.289
3571,0.011
3572,-0.267
3573,0.022
3574,0.022
3575,0.022
3576,-0.522
3577,0.022
3578,0.011
3579,0.689
3580,0.678
3581,0.578
3582,0.3
3583,0.3
3584,-0.056
3585,-0.022
3586,-0.578
3587,-0.922
3588,-1.511
3589,-1.6
3590,-1.222
3591,-1.578
3592,-1.033
3593,-0.689
3594,-1.033
3595,-0.989
3596,-0.6
3597,-0.6
3598,-0.511
3599,-0.8
3600,-0.444
3601,-1.3
3602,-0.9
3603,-0.944
3604,-0.689
3605,-0.178
3606,-0.178
3607,-0.178
3608,-0.133
3609,0.367
3610,0.678
3611,-0.022
3612,0.022
3613,-0.578
3614,-0.622
3615,-0.922
3616,-0.411
3617,-0.456
3618,-0.411
3619,-0.722
3620,0.133
3621,0.944
3622,1.256
3623,0.744
3624,0.778
3625,0.267
3626,0.633
3627,0.078
3628,0.078
3629,-0.778
3630,-1.244
3631,-0.744
3632,-1.044
3633,-1.078
3634,-0.789
3635,-0.867
3636,-1.167
3637,-0.311
3638,0.5
3639,0.967
3640,0.156
3641,0.967
3642,1.267
3643,0.567
3644,0.322
3645,0.322
3646,-0.233
3647,-0.7
3648,-1.2
3649,-1.311
3650,-2.122
3651,-2.111
3652,-1.144
3653,-0.678
3654,-0.722
3655,-0.211
3656,0.256
3657,0.756
3658,0.867
3659,1.211
3660,1.489
3661,0.522
3662,-0.256
3663,0.6
3664,0.133
3665,-0.433
3666,-0.933
3667,-0.122
3668,0.2
3669,-0.433
3670,-0.322
3671,0.533
3672,0.067
3673,0.033
3674,0.6
3675,1.1
3676,0.878
3677,0.211
3678,1.067
3679,0.956
3680,0.067
3681,-0.033
3682,-0.344
3683,-0.344
3684,-1.156
3685,-1.744
3686,-1.744
3687,-2.667
3688,-2.667
3689,-2.078
3690,-2.322
3691,-1.656
3692,-2.467
3693,-2.156
3694,-1.344
3695,-1.044
3696,-0.722
3697,-0.611
3698,-0.856
3699,-0.044
3700,-0.5
3701,-0.5
3702,-0.811
3703,-1.622
3704,-1.711
3705,-1.922
3706,-1.611
3707,-1.644
3708,-2.5
3709,-1.9
3710,-1.944
3711,-1.6
3712,-1.644
3713,-1.256
3714,-1.256
3715,-1.267
3716,-1.689
3717,-0.944
3718,-1.756
3719,-1.111
3720,-0.867
3721,-0.822
3722,-1.422
3723,-0.567
3724,-0.011
3725,0.989
3726,1.144
3727,1.733
3728,1.433
3729,0.844
3730,0.8
3731,0.689
3732,0.044
3733,0
3734,-0.544
3735,-1.056
3736,-1.756
3737,-2.056
3738,-1.244
3739,-1.2
3740,-0.278
3741,-0.278
3742,-0.789
3743,-0.533
3744,-0.578
3745,0.133
3746,0.944
3747,0.444
3748,0.744
3749,-0.111
3750,-0.011
3751,-0.011
3752,-0.3
3753,-0.6
3754,-1.244
3755,-1.356
3756,-0.967
3757,-0.456
3758,-0.522
3759,0.022
3760,0.533
3761,0.222
3762,1.078
3763,2.011
3764,2.2
3765,1.5
3766,1.5
3767,1.5
3768,0.644
3769,-0.167
3770,0.144
3771,-0.822
3772,-1.822
3773,-2.122
3774,-2.122
3775,-2.978
3776,-2.911
3777,-2.322
3778,-2.367
3779,-2.678
3780,-2.256
3781,-1.8
3782,-2.5
3783,-1.689
3784,-1.3
3785,-0.956
3786,-1.244
3787,-0.856
3788,-0.044
3789,-0.011
3790,-0.056
3791,0.644
3792,0.133
3793,0.089
3794,0.678
3795,0.378
3796,0.622
3797,0.4
3798,0.911
3799,0.5
3800,-0.089
3801,0.422
3802,0.122
3803,-0.178
3804,-0.178
3805,-0.178
3806,-0.767
3807,-1.033
3808,-0.033
3809,0.856
3810,0.044
3811,0.644
3812,0.911
3813,0.8
3814,0.211
3815,0.556
3816,-0.033
3817,-1.033
3818,-1.333
3819,-1.444
3820,-2.156
3821,-3.011
3822,-2.9
3823,-2.9
3824,-2.656
3825,-2.067
3826,-1.644
3827,-1.933
3828,-1.822
3829,-1.411
3830,-1.111
3831,-1.111
3832,-0.811
3833,-1.4
3834,-1.4
3835,-1.411
3836,-0.856
3837,-0.967
3838,-1.378
3839,-1.678
3840,-1.678
3841,-1.678
3842,-1.467
3843,-1.456
3844,-1.756
3845,-1.756
3846,-1.644
3847,-1.533
3848,-1.322
3849,-1.022
3850,-1.111
3851,-1.022
3852,-1.033
3853,-1.033
3854,-1.889
3855,-1.578
3856,-1.578
3857,-1.489
3858,-0.9
3859,-0.522
3860,-0.522
3861,-1.111
3862,-0.767
3863,-0.456
3864,-0.556
3865,-0.556
3866,-0.511
3867,-1.4
3868,-2.033
3869,-2.333
3870,-2.378
3871,-2.722
3872,-3.033
3873,-3.356
3874,-3.144
3875,-3.278
3876,-3.278
3877,-2.422
3878,-2.211
3879,-1.356
3880,-0.544
3881,-0.244
3882,-0.133
3883,-0.344
3884,0.256
3885,0.556
3886,0.556
3887,0.344
3888,-0.467
3889,-0.467
3890,-0.478
3891,-0.478
3892,0.122
3893,0.122
3894,0.167
3895,-0.644
3896,0.022
3897,0.833
3898,-0.022
3899,-0.311
3900,0.5
3901,-0.1
3902,-0.911
3903,-0.956
3904,-0.922
3905,-1.589
3906,-2.4
3907,-2.322
3908,-1.733
3909,-1.689
3910,-0.878
3911,-0.022
3912,0.489
3913,0.456
3914,0.667
3915,1.256
3916,2.078
3917,1.489
3918,1.222
3919,1.111
3920,0.956
3921,0.956
3922,1.811
3923,1.633
3924,1.633
3925,1.089
3926,1.089
3927,0.389
3928,-0.311
3929,-0.711
3930,-1.567
3931,-2.211
3932,-2.033
3933,-1.767
3934,-2.189
3935,-2.189
3936,-1.767
3937,-1.878
3938,-2.178
3939,-1.833
3940,-2.044
3941,-1.444
3942,-1.711
3943,-1.567
3944,-0.678
3945,-1.033
3946,-0.922
3947,-0.922
3948,-1.011
3949,-0.8
3950,-1.4
3951,-1.178
3952,-0.911
3953,-1.589
3954,-0.956
3955,-0.744
3956,0.067
3957,0.167
3958,0.167
3959,0.544
3960,0.044
3961,-0.044
3962,0.044
3963,-0.244
3964,0.356
3965,-0.456
3966,-0.556
3967,-0.067
3968,0.044
3969,0.033
3970,-0.289
3971,-0.589
3972,-0.678
3973,-1.189
3974,-0.889
3975,-0.5
3976,-1.167
3977,-0.978
3978,-0.978
3979,-0.567
3980,-0.267
3981,0.333
3982,0.244
3983,0.156
3984,-0.444
3985,-0.167
3986,-1.056
3987,-1.4
3988,-1
3989,-0.489
3990,-1.411
3991,-0.922
3992,-0.544
3993,-0.544
3994,-0.544
3995,-0.511
3996,-0.578
3997,-0.967
3998,-0.922
3999,0
4000,-0.7
4001,-1.289
4002,-0.4
4003,0.1
4004,-0.044
4005,0.067
4006,0.056
4007,-0.489
4008,-0.989
4009,-0.956
4010,-0.144
4011,-0.444
4012,-1.256
4013,-0.8
4014,-0.589
4015,-0.189
4016,0.089
4017,0.633
4018,1.411
4019,1.456
4020,0.867
4021,1.111
4022,1.656
4023,1.333
4024,1.489
4025,1.711
4026,0.856
4027,0.744
4028,-0.111
4029,0.744
4030,0.456
4031,-0.544
4032,-0.478
4033,-1.089
4034,-1.2
4035,-1.311
4036,-2.011
4037,-2.011
4038,-2.056
4039,-2.011
4040,-2.011
4041,-1.156
4042,-1.4
4043,-2.1
4044,-1.644
4045,-0.833
4046,-0.944
4047,-1.8
4048,-1.8
4049,-1.689
4050,-1.9
4051,-1.311
4052,-0.456
4053,-0.767
4054,-0.722
4055,-0.722
4056,-0.789
4057,-0.789
4058,-0.756
4059,-0.5
4060,-0.389
4061,-1.244
4062,-1.278
4063,-1.833
4064,-1.478
4065,-1.478
4066,-1.478
4067,-0.7
4068,-1.522
4069,-2.333
4070,-2.378
4071,-2.078
4072,-2.167
4073,-2.411
4074,-2.3
4075,-1.7
4076,-2.556
4077,-2.589
4078,-2.589
4079,-1.733
4080,-1.789
4081,-1.111
4082,-0.256
4083,0.444
4084,-0.156
4085,0.233
4086,0.233
4087,0.344
4088,-0.122
4089,-0.367
4090,-1.256
4091,-1.522
4092,-1.878
4093,-1.533
4094,-1.067
4095,-0.256
4096,-0.367
4097,-0.711
4098,-0.422
4099,-0.178
4100,-0.167
4101,0.378
4102,0.922
4103,0.411
4104,-0.511
4105,-0.4
4106,0.2
4107,0.611
4108,0.367
4109,-0.022
4110,-0.311
4111,-0.956
4112,-0.667
4113,0.256
4114,0.956
4115,0.244
4116,-0.144
4117,0.156
4118,0.156
4119,-0.1
4120,-0.344
4121,-1.044
4122,-1
4123,-1.389
4124,-1.033
4125,-1.033
4126,-0.444
4127,-0.656
4128,-0.789
4129,-0.489
4130,-0.078
4131,-0.9
4132,-0.544
4133,-0.789
4134,-0.889
4135,-1.778
4136,-1.744
4137,-1.144
4138,-1.144
4139,-1.2
4140,-0.533
4141,-1.244
4142,-0.544
4143,0.1
4144,0.444
4145,0.3
4146,0.378
4147,0.933
4148,1.278
4149,0.533
4150,1.167
4151,1.322
4152,0.711
4153,0.367
4154,0.478
4155,-0.522
4156,-0.567
4157,-0.344
4158,-0.3
4159,-0.222
4160,-0.833
4161,-0.378
4162,-0.067
4163,-0.178
4164,0.233
4165,0.122
4166,-0.444
4167,-0.489
4168,-1.122
4169,-0.478
4170,-0.367
4171,-0.333
4172,-0.267
4173,-0.267
4174,-0.111
4175,-0.467
4176,-0.178
4177,0.1
4178,-0.789
4179,-1
4180,-1.344
4181,-1
4182,-1.3
4183,-2.156
4184,-1.8
4185,-2.011
4186,-1.622
4187,-1.378
4188,-1.978
4189,-1.633
4190,-1.122
4191,-0.267
4192,-0.022
4193,0.544
4194,1.322
4195,0.622
4196,0.378
4197,0.378
4198,0.889
4199,0.378
4200,-0.167
4201,0.4
4202,-0.067
4203,-0.633
4204,-0.633
4205,0.178
4206,0.489
4207,0.333
4208,0.333
4209,0.333
4210,-0.478
4211,0.033
4212,-0.211
4213,-0.211
4214,-0.322
4215,-0.289
4216,-0.133
4217,0.233
4218,-0.078
4219,0.778
4220,-0.189
4221,-0.189
4222,0.622
4223,-0.122
4224,-0.256
4225,-1.111
4226,-1.433
4227,-0.844
4228,-1.7
4229,-0.7
4230,0.111
4231,0.156
4232,0.511
4233,0.3
4234,0.3
4235,-0.044
4236,-0.678
4237,-0.722
4238,-1.611
4239,-2.178
4240,-2.178
4241,-2.456
4242,-1.644
4243,-0.789
4244,-0.122
4245,-0.078
4246,0.567
4247,0.456
4248,0.811
4249,0.267
4250,0.578
4251,0.356
4252,0.389
4253,-0.389
4254,-0.433
4255,-1.033
4256,-0.111
4257,-0.122
4258,0.156
4259,0.511
4260,0.733
4261,-0.156
4262,0.3
4263,1.044
4264,1.289
4265,0.478
4266,0.778
4267,1.078
4268,0.589
4269,-0.267
4270,-0.378
4271,0.089
4272,0.278
4273,0.333
4274,1.222
4275,1.033
4276,0.456
4277,0.244
4278,0.289
4279,0.4
4280,0.4
4281,-0.489
4282,0.022
4283,-0.056
4284,0.133
4285,0.122
4286,0.467
4287,1.278
4288,1.489
4289,0.989
4290,1.878
4291,1.067
4292,1.144
4293,0.256
4294,-0.044
4295,0.422
4296,-0.433
4297,-0.344
4298,-0.656
4299,-1.233
4300,-1.233
4301,-1.878
4302,-1.844
4303,-1.889
4304,-2.456
4305,-2.411
4306,-2.411
4307,-2.411
4308,-2.422
4309,-1.533
4310,-1.778
4311,-0.922
4312,-0.878
4313,-0.833
4314,-0.133
4315,-0.144
4316,-0.256
4317,0.033
4318,-0.044
4319,-0.156
4320,-0.744
4321,-0.044
4322,-0.333
4323,-1.033
4324,-0.733
4325,-0.622
4326,-1.322
4327,-1.544
4328,-1.478
4329,-1.078
4330,-0.967
4331,-0.967
4332,-0.267
4333,0
4334,0.311
4335,0.767
4336,0.489
4337,0.833
4338,0.089
4339,0.133
4340,0.344
4341,0.456
4342,-0.4
4343,-0.367
4344,-0.011
4345,0.267
4346,0.556
4347,1.411
4348,0.556
4349,0.689
4350,0.478
4351,0.478
4352,0.478
4353,0.667
4354,0.078
4355,-0.556
4356,-0.667
4357,-0.667
4358,-0.122
4359,-0.689
4360,-0.8
4361,-1.144
4362,-2.033
4363,-2.144
4364,-1.8
4365,-2.189
4366,-2.189
4367,-3.189
4368,-2.411
4369,-2.089
4370,-1.789
4371,-1.2
4372,-1.056
4373,-1.044
4374,-0.689
4375,0.011
4376,0.122
4377,-0.689
4378,-0.089
4379,-0.389
4380,-0.167
4381,0.011
4382,0.289
4383,-0.133
4384,-0.833
4385,-0.533
4386,0.167
4387,-0.644
4388,-0.689
4389,-0.689
4390,-1.011
4391,-1.567
4392,-1.211
4393,-0.4
4394,0.111
4395,0.222
4396,0.811
4397,1.744
4398,0.933
4399,1.044
4400,1.678
4401,1.378
4402,0.567
4403,0.1
4404,-0.011
4405,-0.256
4406,-0.333
4407,0.256
